"Path","Platform","Compiled","Cooked","Permutations","Compiletime","CompiledDouble","CookedDouble"
"","0","1","0","1","0.000000","0","0"
"/ControlRig/Controls/ControlRigGizmoMaterial.ControlRigGizmoMaterial","0","0","2","1","0.000000","0","0"
"/Engine/BasicShapes/BasicShapeMaterial.BasicShapeMaterial","0","0","9","1","0.000000","0","0"
"/Engine/EditorMaterials/PhAT_NoCollisionMaterial.PhAT_NoCollisionMaterial","0","0","3","1","0.000000","0","0"
"/Engine/EditorMaterials/PhAT_UnselectedMaterial.PhAT_UnselectedMaterial","0","0","3","1","0.000000","0","0"
"/MeshModelingToolset/Materials/M_DynamicMeshComponentVtxColor.M_DynamicMeshComponentVtxColor","0","0","9","1","0.000000","0","0"
"/Engine/EngineMaterials/GizmoMaterial.GizmoMaterial","0","0","6","1","0.000000","0","0"
"/Engine/EngineDebugMaterials/DebugMeshMaterial.DebugMeshMaterial","0","0","5","1","0.000000","0","0"
"/Engine/EngineMaterials/RemoveSurfaceMaterial.RemoveSurfaceMaterial","0","0","2","1","0.000000","0","0"
"/Engine/EngineMaterials/NaniteHiddenSectionMaterial.NaniteHiddenSectionMaterial","0","0","14","1","0.000000","0","0"
"/Engine/EngineDebugMaterials/M_SimpleUnlitTranslucent.M_SimpleUnlitTranslucent","0","0","3","1","0.000000","0","0"
"/Engine/EditorMaterials/Camera/CineMat.CineMat","0","0","6","1","0.000000","0","0"
"/Engine/VREditor/TransformGizmo/TranslucentTransformGizmoMaterial.TranslucentTransformGizmoMaterial","0","0","3","1","0.000000","0","0"
"/ControlRig/Controls/ControlRigXRayMaterial.ControlRigXRayMaterial","0","0","7","1","0.000000","0","0"
"/Engine/EditorMaterials/Dataflow/DataflowTwoSidedVertexMaterial.DataflowTwoSidedVertexMaterial","0","0","14","1","0.000000","0","0"
"/Engine/EditorMaterials/Dataflow/DataflowVertexMaterial.DataflowVertexMaterial","0","0","6","1","0.000000","0","0"
"/Engine/EngineDebugMaterials/DebugEditorMaterial.DebugEditorMaterial","0","0","6","1","0.000000","0","0"
"/HairStrands/Materials/HairMeshesDefaultMaterial.HairMeshesDefaultMaterial","0","0","36","1","0.000000","0","0"
"/HairStrands/Materials/HairCardsDefaultMaterial.HairCardsDefaultMaterial","0","0","63","1","0.000000","0","0"
"/HairStrands/Materials/HairDefaultMaterial.HairDefaultMaterial","0","0","36","1","0.000000","0","0"
"/Engine/EditorLandscapeResources/SplineEditorMeshMat.SplineEditorMeshMat","0","0","12","1","0.000000","0","0"
"/Engine/EngineMaterials/DefaultLightFunctionMaterial.DefaultLightFunctionMaterial","0","0","25","1","0.000000","0","0"
"/Engine/VREditor/TransformGizmo/Xray.Xray","0","0","3","1","0.000000","0","0"
"/Engine/VREditor/TransformGizmo/Main.Main","0","0","3","1","0.000000","0","0"
"/Game/Fab/StylizedPainterlyRockPack/Materials/Environment/M_BasicWhite.M_BasicWhite","0","0","3","1","0.000000","0","0"
"/Game/StarterContent/Blueprints/Assets/M_LightStage_Arrows.M_LightStage_Arrows","0","0","2","1","0.000000","0","0"
"/Game/StarterContent/Materials/M_AssetPlatform.M_AssetPlatform","0","0","3","1","0.000000","0","0"
"/Game/StarterContent/Materials/M_Basic_Floor.M_Basic_Floor","0","0","3","1","0.000000","0","0"
"/Game/StarterContent/Materials/M_Basic_Wall.M_Basic_Wall","0","0","3","1","0.000000","0","0"
"/Game/StarterContent/Materials/M_Glass.M_Glass","0","0","8","1","0.000000","0","0"
"/Game/StarterContent/Particles/Materials/m_flare_01.m_flare_01","0","0","12","1","0.000000","0","0"
"/Engine/EditorMeshes/ColorCalibrator/M_GreyBall.M_GreyBall","0","0","6","1","0.000000","0","0"
"/Engine/EngineMaterials/FlattenMaterial_WS_Normal_VT.FlattenMaterial_WS_Normal_VT","0","0","6","1","0.000000","0","0"
"/Engine/EngineMaterials/PhAT_JointLimitMaterial.PhAT_JointLimitMaterial","0","0","7","1","0.000000","0","0"
"/ControlRig/M_Manip.M_Manip","0","0","7","1","0.000000","0","0"
"/Engine/EngineDebugMaterials/M_VolumeRenderSphereTracePP.M_VolumeRenderSphereTracePP","0","0","5","1","0.000000","0","0"
"/Engine/VREditor/TransformGizmo/TransformGizmoMaterial.TransformGizmoMaterial","0","0","2","1","0.000000","0","0"
"/Paper2D/DefaultSpriteMaterial.DefaultSpriteMaterial","0","0","42","2","0.000000","0","0"
"/Engine/EngineMaterials/EmissiveMeshMaterial.EmissiveMeshMaterial","0","0","10","1","0.000000","0","0"
"/Engine/EngineSky/M_SimpleSkyDome.M_SimpleSkyDome","0","0","2","1","0.000000","0","0"
"/Engine/EditorMeshes/ColorCalibrator/M_ChromeBall.M_ChromeBall","0","0","6","1","0.000000","0","0"
"/Engine/EditorMeshes/ColorCalibrator/M_ClearCoat.M_ClearCoat","0","0","3","1","0.000000","0","0"
"/Engine/EditorMeshes/ColorCalibrator/M_ClearCoatBlack.M_ClearCoatBlack","0","0","3","1","0.000000","0","0"
"/Engine/EngineMaterials/FlattenMaterial_VT.FlattenMaterial_VT","0","0","6","1","0.000000","0","0"
"/Engine/EngineMaterials/FlattenMaterial.FlattenMaterial","0","0","9","1","0.000000","0","0"
"/Engine/EngineMaterials/M_InvalidLightmapSettings.M_InvalidLightmapSettings","0","0","6","1","0.000000","0","0"
"/Engine/EngineMaterials/Widget3DPassThrough.Widget3DPassThrough","0","0","46","6","0.000000","0","3"
"/HairStrands/Materials/HairDebugMaterial.HairDebugMaterial","0","0","63","1","0.000000","0","0"
"/Engine/EngineSky/VolumetricClouds/m_SimpleVolumetricCloud.m_SimpleVolumetricCloud","0","0","88","1","0.000000","0","0"
"/Engine/EngineMaterials/DefaultDeferredDecalMaterial.DefaultDeferredDecalMaterial","0","0","33","1","0.000000","0","0"
"/Game/WaterMaterials/Materials/M_Rapids_Cheaper.M_Rapids_Cheaper","0","0","10","1","0.000000","0","0"
"/Game/WaterMaterials/Materials/M_Caustics.M_Caustics","0","0","3","1","0.000000","0","0"
"/Game/WaterMaterials/Materials/M_Waterfall_Cheaper.M_Waterfall_Cheaper","0","0","10","1","0.000000","0","0"
"/Engine/EngineMaterials/DefaultPostProcessMaterial.DefaultPostProcessMaterial","0","0","7","1","0.000000","0","0"
"/Engine/EngineMaterials/DefaultMaterial.DefaultMaterial","0","0","24","1","0.000000","0","0"
"/Engine/EngineMaterials/WorldGridMaterial.WorldGridMaterial","0","0","356","1","0.000000","0","0"
"/Engine/EngineMaterials/DefaultTextMaterialOpaque.DefaultTextMaterialOpaque","0","0","16","1","0.000000","0","0"
"/Game/StarterContent/Particles/Materials/M_Heat_Distortion.M_Heat_Distortion","0","0","21","1","0.000000","0","0"
"/Game/WaterMaterials/Materials/M_Rapids.M_Rapids","0","0","10","1","0.000000","0","0"
"/Game/StarterContent/Materials/M_Wood_Pine.M_Wood_Pine","0","0","3","1","0.000000","0","0"
"/Game/StarterContent/Materials/M_Wood_Floor_Walnut_Polished.M_Wood_Floor_Walnut_Polished","0","0","3","1","0.000000","0","0"
"/Game/StarterContent/Particles/Materials/M_Spark.M_Spark","0","0","9","1","0.000000","0","0"
"/Game/StarterContent/Materials/M_Rock_Basalt.M_Rock_Basalt","0","0","3","1","0.000000","0","0"
"/Game/StarterContent/Materials/M_Rock_Sandstone.M_Rock_Sandstone","0","0","3","1","0.000000","0","0"
"/Game/StarterContent/Materials/M_Water_Lake.M_Water_Lake","0","0","3","1","0.000000","0","0"
"/Game/StarterContent/Props/Materials/M_Shelf.M_Shelf","0","0","3","1","0.000000","0","0"
"/Game/WaterMaterials/Materials/M_Water_Clean_Cheaper.M_Water_Clean_Cheaper","0","0","12","1","0.000000","0","0"
"/Game/WaterMaterials/Materials/M_WaterSplash.M_WaterSplash","0","0","24","1","0.000000","0","0"
"/Game/WaterMaterials/Materials/M_Waterfall.M_Waterfall","0","0","10","1","0.000000","0","0"
"/Game/WaterMaterials/Materials/M_RapidsBank.M_RapidsBank","0","0","3","1","0.000000","0","0"
"/Game/WaterMaterials/Materials/M_River_Rock.M_River_Rock","0","0","3","1","0.000000","0","0"
"/Game/WaterMaterials/Materials/M_Water_Clean.M_Water_Clean","0","0","12","1","0.000000","0","0"
"/Game/StarterContent/Materials/M_Wood_Walnut.M_Wood_Walnut","0","0","3","1","0.000000","0","0"
"/Game/StarterContent/Materials/M_Rock_Marble_Polished.M_Rock_Marble_Polished","0","0","3","1","0.000000","0","0"
"/Game/StarterContent/Particles/Materials/M_smoke_subUV.M_smoke_subUV","0","0","18","1","0.000000","0","0"
"/Game/StarterContent/Props/Materials/M_Statue.M_Statue","0","0","3","1","0.000000","0","0"
"/Game/StarterContent/Props/Materials/M_StatueGlass.M_StatueGlass","0","0","8","1","0.000000","0","0"
"/Game/StarterContent/Props/Materials/M_TableRound.M_TableRound","0","0","3","1","0.000000","0","0"
"/Game/StarterContent/Materials/M_Ground_Moss.M_Ground_Moss","0","0","3","1","0.000000","0","0"
"/Game/StarterContent/Props/Materials/M_Lamp.M_Lamp","0","0","3","1","0.000000","0","0"
"/Game/StarterContent/Materials/M_Metal_Brushed_Nickel.M_Metal_Brushed_Nickel","0","0","3","1","0.000000","0","0"
"/Game/StarterContent/Materials/M_Metal_Burnished_Steel.M_Metal_Burnished_Steel","0","0","3","1","0.000000","0","0"
"/Game/StarterContent/Materials/M_Metal_Chrome.M_Metal_Chrome","0","0","3","1","0.000000","0","0"
"/Game/StarterContent/Materials/M_Metal_Copper.M_Metal_Copper","0","0","3","1","0.000000","0","0"
"/Game/StarterContent/Materials/M_Metal_Gold.M_Metal_Gold","0","0","3","1","0.000000","0","0"
"/Game/StarterContent/Materials/M_Metal_Steel.M_Metal_Steel","0","0","3","1","0.000000","0","0"
"/Game/StarterContent/Materials/M_CobbleStone_Smooth.M_CobbleStone_Smooth","0","0","3","1","0.000000","0","0"
"/Game/StarterContent/Particles/Materials/M_Fire_SubUV.M_Fire_SubUV","0","0","9","1","0.000000","0","0"
"/Game/StarterContent/Particles/Materials/M_Burst.M_Burst","0","0","15","1","0.000000","0","0"
"/Game/StarterContent/Props/Materials/M_Frame.M_Frame","0","0","3","1","0.000000","0","0"
"/Game/StarterContent/Materials/M_Ground_Grass.M_Ground_Grass","0","0","3","1","0.000000","0","0"
"/Game/StarterContent/Materials/M_Rock_Slate.M_Rock_Slate","0","0","3","1","0.000000","0","0"
"/Game/StarterContent/Materials/M_Tech_Hex_Tile_Pulse.M_Tech_Hex_Tile_Pulse","0","0","3","1","0.000000","0","0"
"/Game/StarterContent/Materials/M_Tech_Checker_Dot.M_Tech_Checker_Dot","0","0","3","1","0.000000","0","0"
"/Game/StarterContent/Materials/M_CobbleStone_Pebble.M_CobbleStone_Pebble","0","0","3","1","0.000000","0","0"
"/Game/StarterContent/Materials/M_CobbleStone_Rough.M_CobbleStone_Rough","0","0","3","1","0.000000","0","0"
"/Game/StarterContent/Materials/M_Concrete_Grime.M_Concrete_Grime","0","0","3","1","0.000000","0","0"
"/Game/StarterContent/Materials/M_Concrete_Panels.M_Concrete_Panels","0","0","3","1","0.000000","0","0"
"/Game/StarterContent/Materials/M_Concrete_Poured.M_Concrete_Poured","0","0","3","1","0.000000","0","0"
"/Game/StarterContent/Materials/M_Concrete_Tiles.M_Concrete_Tiles","0","0","3","1","0.000000","0","0"
"/Game/StarterContent/Props/Materials/M_Door.M_Door","0","0","3","1","0.000000","0","0"
"/Game/StarterContent/Particles/Materials/M_Dust_Particle.M_Dust_Particle","0","0","24","1","0.000000","0","0"
"/Game/StarterContent/Particles/Materials/M_explosion_subUV.M_explosion_subUV","0","0","9","1","0.000000","0","0"
"/Game/StarterContent/Materials/M_Ground_Gravel.M_Ground_Gravel","0","0","3","1","0.000000","0","0"
"/Game/StarterContent/Materials/M_Tech_Panel.M_Tech_Panel","0","0","3","1","0.000000","0","0"
"/Game/StarterContent/Materials/M_Wood_Oak.M_Wood_Oak","0","0","3","1","0.000000","0","0"
"/Game/StarterContent/Props/Materials/M_Bush.M_Bush","0","0","16","1","0.000000","0","0"
"/Game/StarterContent/Materials/M_Ceramic_Tile_Checker.M_Ceramic_Tile_Checker","0","0","3","1","0.000000","0","0"
"/Game/StarterContent/Props/Materials/M_Chair.M_Chair","0","0","3","1","0.000000","0","0"
"/Game/StarterContent/Materials/M_Brick_Clay_Beveled.M_Brick_Clay_Beveled","0","0","3","1","0.000000","0","0"
"/Game/StarterContent/Materials/M_Brick_Clay_New.M_Brick_Clay_New","0","0","3","1","0.000000","0","0"
"/Game/StarterContent/Materials/M_Brick_Clay_Old.M_Brick_Clay_Old","0","0","3","1","0.000000","0","0"
"/Game/StarterContent/Materials/M_Brick_Cut_Stone.M_Brick_Cut_Stone","0","0","3","1","0.000000","0","0"
"/Game/StarterContent/Materials/M_Brick_Hewn_Stone.M_Brick_Hewn_Stone","0","0","3","1","0.000000","0","0"
"/Game/A_Surface_Footstep/Niagara_FX/Materials/M_Droplets.M_Droplets","0","0","24","1","0.000000","0","0"
"/Game/A_Surface_Footstep/Niagara_FX/Materials/M_WaterWave(1).M_WaterWave","0","0","24","1","0.000000","0","24"
"/Game/A_Surface_Footstep/Niagara_FX/Materials/M_General_Leaf.M_General_Leaf","0","0","48","2","0.000000","0","0"
"/Game/A_Surface_Footstep/Niagara_FX/Materials/M_Burst1.M_Burst1","0","0","20","1","0.000000","0","0"
"/Game/Fab/Quixel/Mat1D_3.Mat1D_3","0","0","3","1","0.000000","0","0"
"/Game/Fab/Quixel/Mat1D_4.Mat1D_4","0","0","3","1","0.000000","0","0"
"/Game/A_Surface_Footstep/Niagara_FX/Materials/M_Refraction.M_Refraction","0","0","15","1","0.000000","0","15"
"/Game/A_Surface_Footstep/Niagara_FX/Materials/M_SnowSplash.M_SnowSplash","0","0","32","1","0.000000","0","0"
"/Game/A_Surface_Footstep/Niagara_FX/Materials/M_General_Debris.M_General_Debris","0","0","24","1","0.000000","0","0"
"/Game/A_Surface_Footstep/Niagara_FX/Materials/M_MistSnow.M_MistSnow","0","0","24","1","0.000000","0","0"
"/Game/Fab/Quixel/MatID_1.MatID_1","0","0","3","1","0.000000","0","0"
"/Game/Fab/Quixel/Mat1D_2.Mat1D_2","0","0","3","1","0.000000","0","0"
"/Game/A_Surface_Footstep/Niagara_FX/Materials/M_MuzzleFlash_Master.M_MuzzleFlash_Master","0","0","48","2","0.000000","0","0"
"/Game/A_Surface_Footstep/Niagara_FX/Materials/M_Splash_Solids.M_Splash_Solids","0","0","32","1","0.000000","0","0"
"/Game/A_Surface_Footstep/Niagara_FX/Materials/M_Spark_sheet.M_Spark_sheet","0","0","12","1","0.000000","0","0"
"/Game/StarterContent/Props/Materials/M_Rock.M_Rock","0","0","3","1","0.000000","0","0"
"/Game/StarterContent/Blueprints/Assets/M_LightStage_Skybox_Master.M_LightStage_Skybox_Master","0","0","4","2","0.000000","0","0"
"/Game/StarterContent/Materials/M_ColorGrid_LowSpec.M_ColorGrid_LowSpec","0","0","3","1","0.000000","0","0"
"/Game/A_Surface_Footstep/Niagara_FX/Materials/M_Single_Master.M_Single_Master","0","0","15","1","0.000000","0","0"
"/Game/A_Surface_Footstep/Niagara_FX/Materials/M_Splash_SubUV.M_Splash_SubUV","0","0","64","1","0.000000","0","64"
"/Game/A_Surface_Footstep/Niagara_FX/Materials/M_EnergySmoke.M_EnergySmoke","0","0","48","2","0.000000","0","0"
"/Game/A_Surface_Footstep/Niagara_FX/Materials/M_ThickSmoke.M_ThickSmoke","0","0","24","1","0.000000","0","0"
"/Game/A_Surface_Footstep/Niagara_FX/Materials/M_Glow.M_Glow","0","0","12","1","0.000000","0","0"
"/Engine/EditorMaterials/PreviewShadowIndicatorMaterial.PreviewShadowIndicatorMaterial","0","0","25","1","0.000000","0","0"
"/Engine/EngineMaterials/PPM_DefaultCalibrationColor.PPM_DefaultCalibrationColor","0","0","5","1","0.000000","0","0"
"/Engine/EngineMaterials/PPM_DefaultCalibrationGrayscale.PPM_DefaultCalibrationGrayscale","0","0","5","1","0.000000","0","0"
"/Game/A_Surface_Footstep/Niagara_FX/Materials/M_Burst.M_Burst","0","0","20","1","0.000000","0","0"
"/Game/Mesh/Trap/Trap4/M_ArrowTrap.M_ArrowTrap","0","0","3","1","0.000000","0","0"
"/Game/Mesh/Trap/Trap5/M_DocksPillar.M_DocksPillar","0","0","3","1","0.000000","0","0"
"/Game/Mesh/Trap/Trap5/M_WaterMill.M_WaterMill","0","0","3","1","0.000000","0","0"
"/Game/Mesh/Trap/Trap6/RotorBlade/MI_Traps2.MI_Traps2","0","0","3","1","0.000000","0","0"
"/Game/StarterContent/Materials/M_Wood_Floor_Walnut_Worn.M_Wood_Floor_Walnut_Worn","0","0","3","1","0.000000","0","0"
"/Game/A_Surface_Footstep/Niagara_FX/Materials/M_Radial_Gradient.M_Radial_Gradient","0","0","15","1","0.000000","0","0"
"/Game/StarterContent/Particles/Materials/M_Radial_Gradient.M_Radial_Gradient","0","0","12","1","0.000000","0","0"
"/Game/StarterContent/Particles/Materials/M_radial_ramp.M_radial_ramp","0","0","12","1","0.000000","0","0"
"/Game/A_Surface_Footstep/Niagara_FX/Materials/M_ReflectiveSplash.M_ReflectiveSplash","0","0","24","1","0.000000","0","0"
"/Game/StarterContent/Materials/M_Metal_Rust.M_Metal_Rust","0","0","3","1","0.000000","0","0"
"/Game/StarterContent/Materials/M_Tech_Hex_Tile.M_Tech_Hex_Tile","0","0","3","1","0.000000","0","0"
"/Game/Mesh/Trap/Trap2/MI_Spike_Support.MI_Spike_Support","0","0","3","1","0.000000","0","0"
"/Game/Mesh/Trap/Trap2/MI_Wood_Spike_Fix.MI_Wood_Spike_Fix","0","0","3","1","0.000000","0","0"
"/Game/Mesh/Trap/Trap2/MI_Wood_Spike_Fix1.MI_Wood_Spike_Fix1","0","0","3","1","0.000000","0","0"
"/Game/Mesh/Trap/Trap3/MI_Blades.MI_Blades","0","0","3","1","0.000000","0","0"
"/Game/StarterContent/Materials/M_Water_Ocean.M_Water_Ocean","0","0","3","1","0.000000","0","0"
"/Game/Mesh/Trap/Trap3/M_Rotation_Pillar.M_Rotation_Pillar","0","0","3","1","0.000000","0","0"
"/Game/Material/M_ChickenA.M_ChickenA","0","0","6","1","0.000000","0","0"
"/Game/Mesh/Item/Item_SaveSign/MI_Palisade_Spike_tjribasfa_2K.MI_Palisade_Spike_tjribasfa_2K","0","0","14","1","0.000000","0","0"
"/Game/Mesh/Item/Item_SaveSign/MI_Rusty_Stake_tkpmbcnjw_2K.MI_Rusty_Stake_tkpmbcnjw_2K","0","0","14","1","0.000000","0","0"
"/Game/Material/M_Adam_Eyelids.M_Adam_Eyelids","0","0","6","1","0.000000","0","0"
"/Game/Material/M_Adam_Eyes.M_Adam_Eyes","0","0","6","1","0.000000","0","0"
"/Game/Material/M_Adam_Head.M_Adam_Head","0","0","6","1","0.000000","0","0"
"/Game/Material/M_ChickenB.M_ChickenB","0","0","6","1","0.000000","0","0"
"/Game/Material/M_OFF_KnightHelmetFeather.M_OFF_KnightHelmetFeather","0","0","6","1","0.000000","0","0"
"/Game/Mesh/Item/Item_SaveSign/MI_Flaked_Wood_Planks_tg2ldb2bw_2K.MI_Flaked_Wood_Planks_tg2ldb2bw_2K","0","0","14","1","0.000000","0","0"
"/Game/Mesh/Item/Item_SaveSign/MI_Old_Wooden_Beam_wggnei1_2K.MI_Old_Wooden_Beam_wggnei1_2K","0","0","14","1","0.000000","0","0"
"/Game/Mesh/Item/Item_SaveSign/MI_Old_Wooden_Beam_wggnfcp_2K.MI_Old_Wooden_Beam_wggnfcp_2K","0","0","14","1","0.000000","0","0"
"/Engine/VREditor/SnapGrid/SnapGridMaterial.SnapGridMaterial","0","0","10","1","0.000000","0","0"
"/Game/Material/M_AdamKnigh_Body.M_AdamKnigh_Body","0","0","32","1","0.000000","0","0"
"/Game/A_Surface_Footstep/Niagara_FX/Materials/M_Splash_Refract.M_Splash_Refract","0","0","32","1","0.000000","0","0"
"/Game/Mesh/Item/Item_SaveSign/M_Target_Balloon.M_Target_Balloon","0","0","3","1","0.000000","0","0"
"/Game/Mesh/Item/Rope/MI_Chain.MI_Chain","0","0","3","1","0.000000","0","0"
"/Game/Mesh/Item/Rope/MI_Rope.MI_Rope","0","0","3","1","0.000000","0","0"
"/Game/Mesh/Player/GrainSack_Inst.GrainSack_Inst","0","0","3","1","0.000000","0","0"
"/Game/Mesh/Trap/Trap1/MI_Brick.MI_Brick","0","0","3","1","0.000000","0","0"
"/Game/Mesh/Trap/Trap1/MI_Pillar.MI_Pillar","0","0","3","1","0.000000","0","0"
"/Game/Mesh/Trap/Trap1/MI_Wood.MI_Wood","0","0","3","1","0.000000","0","0"
"/Engine/EngineMaterials/AntiAliasedTextMaterialTranslucent.AntiAliasedTextMaterialTranslucent","0","0","8","1","0.000000","0","0"
"/Game/A_Surface_Footstep/Niagara_FX/Materials/M_SolidDrop.M_SolidDrop","0","0","12","1","0.000000","0","0"
"/Game/Material/ALTF4_KnightArmor_M.ALTF4_KnightArmor_M","0","0","32","1","0.000000","0","0"
"/Game/Material/git_M.git_M","0","0","16","1","0.000000","0","0"
"/Game/WaterMaterials/Materials/M_Sand.M_Sand","0","0","3","1","0.000000","0","0"
"/Game/WaterMaterials/Materials/M_Riverbank.M_Riverbank","0","0","3","1","0.000000","0","0"
"/Engine/EditorMeshes/ColorCalibrator/M_ColorGrid.M_ColorGrid","0","0","6","1","0.000000","0","0"
"/Engine/EngineSky/M_Sky_Panning_Clouds2.M_Sky_Panning_Clouds2","0","0","2","1","0.000000","0","0"
"/AudioWidgets/AudioMaterialSlate/M_AudioMaterialMeter.M_AudioMaterialMeter","0","0","13","1","0.000000","0","0"
"/AudioWidgets/AudioMaterialSlate/M_AudioMaterialRoundedSlider.M_AudioMaterialRoundedSlider","0","0","25","1","0.000000","0","0"
"/AudioWidgets/AudioMaterialSlate/M_AudioMaterialEnvelope_ADSR.M_AudioMaterialEnvelope_ADSR","0","0","25","1","0.000000","0","0"
"/AudioWidgets/AudioMaterialSlate/M_AudioMaterialKnob.M_AudioMaterialKnob","0","0","13","1","0.000000","0","0"
"/AudioWidgets/AudioMaterialSlate/M_AudioMaterialToggleButton.M_AudioMaterialToggleButton","0","0","13","1","0.000000","0","0"
"/Game/WaterMaterials/Materials/M_PondScum_Cheaper.M_PondScum_Cheaper","0","0","6","1","0.000000","0","0"
"/Game/WaterMaterials/Materials/M_Water_Opaque.M_Water_Opaque","0","0","12","1","0.000000","0","0"
"/Game/WaterMaterials/Materials/M_PondScum.M_PondScum","0","0","6","1","0.000000","0","0"
"/Game/WaterMaterials/Materials/M_Waterfall_Foam.M_Waterfall_Foam","0","0","9","1","0.000000","0","0"
"/Game/Fab/StylizedPainterlyRockPack/Materials/Environment/M_Landscape1.M_Landscape1","0","0","3","1","0.000000","0","0"
"/Game/A_Surface_Footstep/Niagara_FX/Materials/M_whispOne_Master_directional_emissive.M_whispOne_Master_directional_emissive","0","0","48","2","0.000000","0","0"
"/Game/A_Surface_Footstep/Niagara_FX/Materials/M_DirectionalDust.M_DirectionalDust","0","0","24","1","0.000000","0","0"
"/Game/A_Surface_Footstep/Niagara_FX/Materials/M_DustySmallS.M_DustySmallS","0","0","24","1","0.000000","0","0"
"/Game/A_Surface_Footstep/Niagara_FX/Materials/M_SpeckledDust.M_SpeckledDust","0","0","24","1","0.000000","0","0"
"/Game/Fab/StylizedPainterlyRockPack/Materials/Rock/M_GroundRock_Master.M_GroundRock_Master","0","0","3","1","0.000000","0","0"
"/Game/Fab/StylizedPainterlyRockPack/Materials/Rock/M_Rock_Master.M_Rock_Master","0","0","3","1","0.000000","0","0"
"/Engine/OpenWorldTemplate/LandscapeMaterial/M_ProcGrid.M_ProcGrid","0","0","6","2","0.000000","0","0"
"/SpeedTreeImporter/SpeedTree9/SpeedTreeBillboardMaster.SpeedTreeBillboardMaster","0","0","32","1","0.000000","0","0"
"/InterchangeAssets/gltf/M_Unlit.M_Unlit","0","0","92","6","0.000000","0","0"
"/Engine/EditorMaterials/Thumbnails/SkySphereMaterial.SkySphereMaterial","0","0","3","1","0.000000","0","0"
"/InterchangeAssets/gltf/M_Transmission.M_Transmission","0","0","28","2","0.000000","0","0"
"/SpeedTreeImporter/SpeedTree9/SpeedTreeMaster.SpeedTreeMaster","0","0","32","1","0.000000","0","0"
"/InterchangeAssets/gltf/M_SpecularGlossiness.M_SpecularGlossiness","0","0","112","6","0.000000","0","0"
"/InterchangeAssets/gltf/M_Sheen.M_Sheen","0","0","112","6","0.000000","0","0"
"/Game/WaterMaterials/Materials/M_Water_Pixelated.M_Water_Pixelated","0","0","2","1","0.000000","0","0"
"/InterchangeAssets/gltf/M_ClearCoat.M_ClearCoat","0","0","128","6","0.000000","0","0"
"/InterchangeAssets/gltf/M_Default.M_Default","0","0","220","12","0.000000","0","262"
"/Game/WaterMaterials/Materials/M_River_Cheaper.M_River_Cheaper","0","0","10","1","0.000000","0","0"
"/Game/WaterMaterials/Materials/M_Lake.M_Lake","0","0","12","1","0.000000","0","0"
"/Game/WaterMaterials/Materials/M_Lake_Cheaper.M_Lake_Cheaper","0","0","10","1","0.000000","0","0"
"/Game/WaterMaterials/Materials/M_Ocean.M_Ocean","0","0","12","1","0.000000","0","0"
"/Game/WaterMaterials/Materials/M_Ocean_Cheaper.M_Ocean_Cheaper","0","0","10","1","0.000000","0","0"
"/Game/WaterMaterials/Materials/M_Ocean_Distance.M_Ocean_Distance","0","0","10","1","0.000000","0","0"
"/Game/WaterMaterials/Materials/M_Ocean_Radial.M_Ocean_Radial","0","0","12","1","0.000000","0","0"
"/Game/WaterMaterials/Materials/M_Ocean_Radial_Cheaper.M_Ocean_Radial_Cheaper","0","0","10","1","0.000000","0","0"
"/Game/WaterMaterials/Materials/M_River.M_River","0","0","12","1","0.000000","0","0"
"","49","1","0","1","0.000000","0","0"
"/ControlRig/Controls/ControlRigGizmoMaterial.ControlRigGizmoMaterial","49","0","7","1","0.000000","0","0"
"/Engine/BasicShapes/BasicShapeMaterial.BasicShapeMaterial","49","0","27","1","0.000000","0","0"
"/Engine/EditorMaterials/PhAT_NoCollisionMaterial.PhAT_NoCollisionMaterial","49","0","8","1","0.000000","0","0"
"/Engine/EditorMaterials/PhAT_UnselectedMaterial.PhAT_UnselectedMaterial","49","0","8","1","0.000000","0","0"
"/MeshModelingToolset/Materials/M_DynamicMeshComponentVtxColor.M_DynamicMeshComponentVtxColor","49","0","14","1","0.000000","0","0"
"/Engine/EngineMaterials/GizmoMaterial.GizmoMaterial","49","0","11","1","0.000000","0","0"
"/Engine/EngineDebugMaterials/DebugMeshMaterial.DebugMeshMaterial","49","0","10","1","0.000000","0","0"
"/Engine/EngineMaterials/RemoveSurfaceMaterial.RemoveSurfaceMaterial","49","0","7","1","0.000000","0","0"
"/Engine/EngineMaterials/NaniteHiddenSectionMaterial.NaniteHiddenSectionMaterial","49","0","21","1","0.000000","0","0"
"/Engine/EngineDebugMaterials/M_SimpleUnlitTranslucent.M_SimpleUnlitTranslucent","49","0","8","1","0.000000","0","0"
"/Engine/EditorMaterials/Camera/CineMat.CineMat","49","0","14","1","0.000000","0","0"
"/Engine/VREditor/TransformGizmo/TranslucentTransformGizmoMaterial.TranslucentTransformGizmoMaterial","49","0","8","1","0.000000","0","0"
"/ControlRig/Controls/ControlRigXRayMaterial.ControlRigXRayMaterial","49","0","12","1","0.000000","0","0"
"/Engine/EditorMaterials/Dataflow/DataflowTwoSidedVertexMaterial.DataflowTwoSidedVertexMaterial","49","0","19","1","0.000000","0","0"
"/Engine/EditorMaterials/Dataflow/DataflowVertexMaterial.DataflowVertexMaterial","49","0","11","1","0.000000","0","0"
"/Engine/EngineDebugMaterials/DebugEditorMaterial.DebugEditorMaterial","49","0","11","1","0.000000","0","0"
"/HairStrands/Materials/HairMeshesDefaultMaterial.HairMeshesDefaultMaterial","49","0","45","1","0.000000","0","0"
"/HairStrands/Materials/HairCardsDefaultMaterial.HairCardsDefaultMaterial","49","0","78","1","0.000000","0","0"
"/HairStrands/Materials/HairDefaultMaterial.HairDefaultMaterial","49","0","45","1","0.000000","0","0"
"/Engine/EditorLandscapeResources/SplineEditorMeshMat.SplineEditorMeshMat","49","0","24","1","0.000000","0","0"
"/Engine/EngineMaterials/DefaultLightFunctionMaterial.DefaultLightFunctionMaterial","49","0","67","1","0.000000","0","0"
"/Engine/VREditor/TransformGizmo/Xray.Xray","49","0","8","1","0.000000","0","0"
"/Engine/VREditor/TransformGizmo/Main.Main","49","0","8","1","0.000000","0","0"
"/Game/Fab/StylizedPainterlyRockPack/Materials/Environment/M_BasicWhite.M_BasicWhite","49","0","8","1","0.000000","0","0"
"/Game/StarterContent/Blueprints/Assets/M_LightStage_Arrows.M_LightStage_Arrows","49","0","7","1","0.000000","0","0"
"/Game/StarterContent/Materials/M_AssetPlatform.M_AssetPlatform","49","0","8","1","0.000000","0","0"
"/Game/StarterContent/Materials/M_Basic_Floor.M_Basic_Floor","49","0","8","1","0.000000","0","0"
"/Game/StarterContent/Materials/M_Basic_Wall.M_Basic_Wall","49","0","8","1","0.000000","0","0"
"/Game/StarterContent/Materials/M_Glass.M_Glass","49","0","17","1","0.000000","0","0"
"/Game/StarterContent/Particles/Materials/m_flare_01.m_flare_01","49","0","17","1","0.000000","0","0"
"/Engine/EditorMeshes/ColorCalibrator/M_GreyBall.M_GreyBall","49","0","11","1","0.000000","0","0"
"/Engine/EngineMaterials/FlattenMaterial_WS_Normal_VT.FlattenMaterial_WS_Normal_VT","49","0","16","1","0.000000","0","0"
"/Engine/EngineMaterials/PhAT_JointLimitMaterial.PhAT_JointLimitMaterial","49","0","12","1","0.000000","0","0"
"/ControlRig/M_Manip.M_Manip","49","0","12","1","0.000000","0","0"
"/Engine/EngineDebugMaterials/M_VolumeRenderSphereTracePP.M_VolumeRenderSphereTracePP","49","0","7","1","0.000000","0","0"
"/Engine/VREditor/TransformGizmo/TransformGizmoMaterial.TransformGizmoMaterial","49","0","7","1","0.000000","0","0"
"/Paper2D/DefaultSpriteMaterial.DefaultSpriteMaterial","49","0","62","2","0.000000","0","0"
"/Engine/EngineMaterials/EmissiveMeshMaterial.EmissiveMeshMaterial","49","0","17","1","0.000000","0","0"
"/Engine/EngineSky/M_SimpleSkyDome.M_SimpleSkyDome","49","0","7","1","0.000000","0","0"
"/Engine/EditorMeshes/ColorCalibrator/M_ChromeBall.M_ChromeBall","49","0","11","1","0.000000","0","0"
"/Engine/EditorMeshes/ColorCalibrator/M_ClearCoat.M_ClearCoat","49","0","8","1","0.000000","0","0"
"/Engine/EditorMeshes/ColorCalibrator/M_ClearCoatBlack.M_ClearCoatBlack","49","0","8","1","0.000000","0","0"
"/Engine/EngineMaterials/FlattenMaterial_VT.FlattenMaterial_VT","49","0","16","1","0.000000","0","0"
"/Engine/EngineMaterials/FlattenMaterial.FlattenMaterial","49","0","22","1","0.000000","0","0"
"/Engine/EngineMaterials/M_InvalidLightmapSettings.M_InvalidLightmapSettings","49","0","16","1","0.000000","0","0"
"/Engine/EngineMaterials/Widget3DPassThrough.Widget3DPassThrough","49","0","80","6","0.000000","0","8"
"/HairStrands/Materials/HairDebugMaterial.HairDebugMaterial","49","0","78","1","0.000000","0","0"
"/Engine/EngineSky/VolumetricClouds/m_SimpleVolumetricCloud.m_SimpleVolumetricCloud","49","0","92","1","0.000000","0","0"
"/Engine/EngineMaterials/DefaultDeferredDecalMaterial.DefaultDeferredDecalMaterial","49","0","40","1","0.000000","0","0"
"/Game/WaterMaterials/Materials/M_Rapids_Cheaper.M_Rapids_Cheaper","49","0","15","1","0.000000","0","0"
"/Game/WaterMaterials/Materials/M_Caustics.M_Caustics","49","0","8","1","0.000000","0","0"
"/Game/WaterMaterials/Materials/M_Waterfall_Cheaper.M_Waterfall_Cheaper","49","0","15","1","0.000000","0","0"
"/Engine/EngineMaterials/DefaultPostProcessMaterial.DefaultPostProcessMaterial","49","0","9","1","0.000000","0","0"
"/Engine/EngineMaterials/DefaultMaterial.DefaultMaterial","49","0","45","1","0.000000","0","0"
"/Engine/EngineMaterials/WorldGridMaterial.WorldGridMaterial","49","0","1016","1","0.000000","0","0"
"/Engine/EngineMaterials/DefaultTextMaterialOpaque.DefaultTextMaterialOpaque","49","0","23","1","0.000000","0","0"
"/Game/StarterContent/Particles/Materials/M_Heat_Distortion.M_Heat_Distortion","49","0","26","1","0.000000","0","0"
"/Game/WaterMaterials/Materials/M_Rapids.M_Rapids","49","0","19","1","0.000000","0","0"
"/Game/StarterContent/Materials/M_Wood_Pine.M_Wood_Pine","49","0","8","1","0.000000","0","0"
"/Game/StarterContent/Materials/M_Wood_Floor_Walnut_Polished.M_Wood_Floor_Walnut_Polished","49","0","8","1","0.000000","0","0"
"/Game/StarterContent/Particles/Materials/M_Spark.M_Spark","49","0","14","1","0.000000","0","0"
"/Game/StarterContent/Materials/M_Rock_Basalt.M_Rock_Basalt","49","0","8","1","0.000000","0","0"
"/Game/StarterContent/Materials/M_Rock_Sandstone.M_Rock_Sandstone","49","0","8","1","0.000000","0","0"
"/Game/StarterContent/Materials/M_Water_Lake.M_Water_Lake","49","0","8","1","0.000000","0","0"
"/Game/StarterContent/Props/Materials/M_Shelf.M_Shelf","49","0","8","1","0.000000","0","0"
"/Game/WaterMaterials/Materials/M_Water_Clean_Cheaper.M_Water_Clean_Cheaper","49","0","17","1","0.000000","0","0"
"/Game/WaterMaterials/Materials/M_WaterSplash.M_WaterSplash","49","0","29","1","0.000000","0","0"
"/Game/WaterMaterials/Materials/M_Waterfall.M_Waterfall","49","0","19","1","0.000000","0","0"
"/Game/WaterMaterials/Materials/M_RapidsBank.M_RapidsBank","49","0","8","1","0.000000","0","0"
"/Game/WaterMaterials/Materials/M_River_Rock.M_River_Rock","49","0","8","1","0.000000","0","0"
"/Game/WaterMaterials/Materials/M_Water_Clean.M_Water_Clean","49","0","21","1","0.000000","0","0"
"/Game/StarterContent/Materials/M_Wood_Walnut.M_Wood_Walnut","49","0","8","1","0.000000","0","0"
"/Game/StarterContent/Materials/M_Rock_Marble_Polished.M_Rock_Marble_Polished","49","0","8","1","0.000000","0","0"
"/Game/StarterContent/Particles/Materials/M_smoke_subUV.M_smoke_subUV","49","0","23","1","0.000000","0","0"
"/Game/StarterContent/Props/Materials/M_Statue.M_Statue","49","0","8","1","0.000000","0","0"
"/Game/StarterContent/Props/Materials/M_StatueGlass.M_StatueGlass","49","0","17","1","0.000000","0","0"
"/Game/StarterContent/Props/Materials/M_TableRound.M_TableRound","49","0","13","1","0.000000","0","0"
"/Game/StarterContent/Materials/M_Ground_Moss.M_Ground_Moss","49","0","8","1","0.000000","0","0"
"/Game/StarterContent/Props/Materials/M_Lamp.M_Lamp","49","0","8","1","0.000000","0","0"
"/Game/StarterContent/Materials/M_Metal_Brushed_Nickel.M_Metal_Brushed_Nickel","49","0","8","1","0.000000","0","0"
"/Game/StarterContent/Materials/M_Metal_Burnished_Steel.M_Metal_Burnished_Steel","49","0","8","1","0.000000","0","0"
"/Game/StarterContent/Materials/M_Metal_Chrome.M_Metal_Chrome","49","0","8","1","0.000000","0","0"
"/Game/StarterContent/Materials/M_Metal_Copper.M_Metal_Copper","49","0","8","1","0.000000","0","0"
"/Game/StarterContent/Materials/M_Metal_Gold.M_Metal_Gold","49","0","8","1","0.000000","0","0"
"/Game/StarterContent/Materials/M_Metal_Steel.M_Metal_Steel","49","0","8","1","0.000000","0","0"
"/Game/StarterContent/Materials/M_CobbleStone_Smooth.M_CobbleStone_Smooth","49","0","8","1","0.000000","0","0"
"/Game/StarterContent/Particles/Materials/M_Fire_SubUV.M_Fire_SubUV","49","0","14","1","0.000000","0","0"
"/Game/StarterContent/Particles/Materials/M_Burst.M_Burst","49","0","20","1","0.000000","0","0"
"/Game/StarterContent/Props/Materials/M_Frame.M_Frame","49","0","8","1","0.000000","0","0"
"/Game/StarterContent/Materials/M_Ground_Grass.M_Ground_Grass","49","0","8","1","0.000000","0","0"
"/Game/StarterContent/Materials/M_Rock_Slate.M_Rock_Slate","49","0","8","1","0.000000","0","0"
"/Game/StarterContent/Materials/M_Tech_Hex_Tile_Pulse.M_Tech_Hex_Tile_Pulse","49","0","8","1","0.000000","0","0"
"/Game/StarterContent/Materials/M_Tech_Checker_Dot.M_Tech_Checker_Dot","49","0","8","1","0.000000","0","0"
"/Game/StarterContent/Materials/M_CobbleStone_Pebble.M_CobbleStone_Pebble","49","0","8","1","0.000000","0","0"
"/Game/StarterContent/Materials/M_CobbleStone_Rough.M_CobbleStone_Rough","49","0","8","1","0.000000","0","0"
"/Game/StarterContent/Materials/M_Concrete_Grime.M_Concrete_Grime","49","0","8","1","0.000000","0","0"
"/Game/StarterContent/Materials/M_Concrete_Panels.M_Concrete_Panels","49","0","8","1","0.000000","0","0"
"/Game/StarterContent/Materials/M_Concrete_Poured.M_Concrete_Poured","49","0","8","1","0.000000","0","0"
"/Game/StarterContent/Materials/M_Concrete_Tiles.M_Concrete_Tiles","49","0","8","1","0.000000","0","0"
"/Game/StarterContent/Props/Materials/M_Door.M_Door","49","0","8","1","0.000000","0","0"
"/Game/StarterContent/Particles/Materials/M_Dust_Particle.M_Dust_Particle","49","0","29","1","0.000000","0","0"
"/Game/StarterContent/Particles/Materials/M_explosion_subUV.M_explosion_subUV","49","0","14","1","0.000000","0","0"
"/Game/StarterContent/Materials/M_Ground_Gravel.M_Ground_Gravel","49","0","8","1","0.000000","0","0"
"/Game/StarterContent/Materials/M_Tech_Panel.M_Tech_Panel","49","0","8","1","0.000000","0","0"
"/Game/StarterContent/Materials/M_Wood_Oak.M_Wood_Oak","49","0","8","1","0.000000","0","0"
"/Game/StarterContent/Props/Materials/M_Bush.M_Bush","49","0","23","1","0.000000","0","0"
"/Game/StarterContent/Materials/M_Ceramic_Tile_Checker.M_Ceramic_Tile_Checker","49","0","8","1","0.000000","0","0"
"/Game/StarterContent/Props/Materials/M_Chair.M_Chair","49","0","13","1","0.000000","0","0"
"/Game/StarterContent/Materials/M_Brick_Clay_Beveled.M_Brick_Clay_Beveled","49","0","8","1","0.000000","0","0"
"/Game/StarterContent/Materials/M_Brick_Clay_New.M_Brick_Clay_New","49","0","8","1","0.000000","0","0"
"/Game/StarterContent/Materials/M_Brick_Clay_Old.M_Brick_Clay_Old","49","0","8","1","0.000000","0","0"
"/Game/StarterContent/Materials/M_Brick_Cut_Stone.M_Brick_Cut_Stone","49","0","8","1","0.000000","0","0"
"/Game/StarterContent/Materials/M_Brick_Hewn_Stone.M_Brick_Hewn_Stone","49","0","8","1","0.000000","0","0"
"/Game/A_Surface_Footstep/Niagara_FX/Materials/M_Droplets.M_Droplets","49","0","29","1","0.000000","0","0"
"/Game/A_Surface_Footstep/Niagara_FX/Materials/M_WaterWave(1).M_WaterWave","49","0","32","1","0.000000","0","32"
"/Game/A_Surface_Footstep/Niagara_FX/Materials/M_General_Leaf.M_General_Leaf","49","0","64","2","0.000000","0","0"
"/Game/A_Surface_Footstep/Niagara_FX/Materials/M_Burst1.M_Burst1","49","0","28","1","0.000000","0","0"
"/Game/Fab/Quixel/Mat1D_3.Mat1D_3","49","0","13","1","0.000000","0","0"
"/Game/Fab/Quixel/Mat1D_4.Mat1D_4","49","0","13","1","0.000000","0","0"
"/Game/A_Surface_Footstep/Niagara_FX/Materials/M_Refraction.M_Refraction","49","0","23","1","0.000000","0","23"
"/Game/A_Surface_Footstep/Niagara_FX/Materials/M_SnowSplash.M_SnowSplash","49","0","40","1","0.000000","0","0"
"/Game/A_Surface_Footstep/Niagara_FX/Materials/M_General_Debris.M_General_Debris","49","0","32","1","0.000000","0","0"
"/Game/A_Surface_Footstep/Niagara_FX/Materials/M_MistSnow.M_MistSnow","49","0","32","1","0.000000","0","0"
"/Game/Fab/Quixel/MatID_1.MatID_1","49","0","13","1","0.000000","0","0"
"/Game/Fab/Quixel/Mat1D_2.Mat1D_2","49","0","13","1","0.000000","0","0"
"/Game/A_Surface_Footstep/Niagara_FX/Materials/M_MuzzleFlash_Master.M_MuzzleFlash_Master","49","0","64","2","0.000000","0","0"
"/Game/A_Surface_Footstep/Niagara_FX/Materials/M_Splash_Solids.M_Splash_Solids","49","0","40","1","0.000000","0","0"
"/Game/A_Surface_Footstep/Niagara_FX/Materials/M_Spark_sheet.M_Spark_sheet","49","0","20","1","0.000000","0","0"
"/Game/StarterContent/Props/Materials/M_Rock.M_Rock","49","0","8","1","0.000000","0","0"
"/Game/StarterContent/Blueprints/Assets/M_LightStage_Skybox_Master.M_LightStage_Skybox_Master","49","0","14","2","0.000000","0","0"
"/Game/StarterContent/Materials/M_ColorGrid_LowSpec.M_ColorGrid_LowSpec","49","0","8","1","0.000000","0","0"
"/Game/A_Surface_Footstep/Niagara_FX/Materials/M_Single_Master.M_Single_Master","49","0","23","1","0.000000","0","0"
"/Game/A_Surface_Footstep/Niagara_FX/Materials/M_Splash_SubUV.M_Splash_SubUV","49","0","80","1","0.000000","0","80"
"/Game/A_Surface_Footstep/Niagara_FX/Materials/M_EnergySmoke.M_EnergySmoke","49","0","64","2","0.000000","0","0"
"/Game/A_Surface_Footstep/Niagara_FX/Materials/M_ThickSmoke.M_ThickSmoke","49","0","32","1","0.000000","0","0"
"/Game/A_Surface_Footstep/Niagara_FX/Materials/M_Glow.M_Glow","49","0","20","1","0.000000","0","0"
"/Engine/EditorMaterials/PreviewShadowIndicatorMaterial.PreviewShadowIndicatorMaterial","49","0","67","1","0.000000","0","0"
"/Engine/EngineMaterials/PPM_DefaultCalibrationColor.PPM_DefaultCalibrationColor","49","0","7","1","0.000000","0","0"
"/Engine/EngineMaterials/PPM_DefaultCalibrationGrayscale.PPM_DefaultCalibrationGrayscale","49","0","7","1","0.000000","0","0"
"/Game/A_Surface_Footstep/Niagara_FX/Materials/M_Burst.M_Burst","49","0","28","1","0.000000","0","0"
"/Game/Mesh/Trap/Trap4/M_ArrowTrap.M_ArrowTrap","49","0","13","1","0.000000","0","0"
"/Game/Mesh/Trap/Trap5/M_DocksPillar.M_DocksPillar","49","0","13","1","0.000000","0","0"
"/Game/Mesh/Trap/Trap5/M_WaterMill.M_WaterMill","49","0","13","1","0.000000","0","0"
"/Game/Mesh/Trap/Trap6/RotorBlade/MI_Traps2.MI_Traps2","49","0","13","1","0.000000","0","0"
"/Game/StarterContent/Materials/M_Wood_Floor_Walnut_Worn.M_Wood_Floor_Walnut_Worn","49","0","8","1","0.000000","0","0"
"/Game/A_Surface_Footstep/Niagara_FX/Materials/M_Radial_Gradient.M_Radial_Gradient","49","0","23","1","0.000000","0","0"
"/Game/StarterContent/Particles/Materials/M_Radial_Gradient.M_Radial_Gradient","49","0","17","1","0.000000","0","0"
"/Game/StarterContent/Particles/Materials/M_radial_ramp.M_radial_ramp","49","0","17","1","0.000000","0","0"
"/Game/A_Surface_Footstep/Niagara_FX/Materials/M_ReflectiveSplash.M_ReflectiveSplash","49","0","48","1","0.000000","0","0"
"/Game/StarterContent/Materials/M_Metal_Rust.M_Metal_Rust","49","0","8","1","0.000000","0","0"
"/Game/StarterContent/Materials/M_Tech_Hex_Tile.M_Tech_Hex_Tile","49","0","8","1","0.000000","0","0"
"/Game/Mesh/Trap/Trap2/MI_Spike_Support.MI_Spike_Support","49","0","13","1","0.000000","0","0"
"/Game/Mesh/Trap/Trap2/MI_Wood_Spike_Fix.MI_Wood_Spike_Fix","49","0","13","1","0.000000","0","0"
"/Game/Mesh/Trap/Trap2/MI_Wood_Spike_Fix1.MI_Wood_Spike_Fix1","49","0","13","1","0.000000","0","0"
"/Game/Mesh/Trap/Trap3/MI_Blades.MI_Blades","49","0","13","1","0.000000","0","0"
"/Game/StarterContent/Materials/M_Water_Ocean.M_Water_Ocean","49","0","8","1","0.000000","0","0"
"/Game/Mesh/Trap/Trap3/M_Rotation_Pillar.M_Rotation_Pillar","49","0","13","1","0.000000","0","0"
"/Game/Material/M_ChickenA.M_ChickenA","49","0","11","1","0.000000","0","0"
"/Game/Mesh/Item/Item_SaveSign/MI_Palisade_Spike_tjribasfa_2K.MI_Palisade_Spike_tjribasfa_2K","49","0","46","1","0.000000","0","0"
"/Game/Mesh/Item/Item_SaveSign/MI_Rusty_Stake_tkpmbcnjw_2K.MI_Rusty_Stake_tkpmbcnjw_2K","49","0","46","1","0.000000","0","0"
"/Game/Material/M_Adam_Eyelids.M_Adam_Eyelids","49","0","16","1","0.000000","0","0"
"/Game/Material/M_Adam_Eyes.M_Adam_Eyes","49","0","16","1","0.000000","0","0"
"/Game/Material/M_Adam_Head.M_Adam_Head","49","0","16","1","0.000000","0","0"
"/Game/Material/M_ChickenB.M_ChickenB","49","0","11","1","0.000000","0","0"
"/Game/Material/M_OFF_KnightHelmetFeather.M_OFF_KnightHelmetFeather","49","0","16","1","0.000000","0","0"
"/Game/Mesh/Item/Item_SaveSign/MI_Flaked_Wood_Planks_tg2ldb2bw_2K.MI_Flaked_Wood_Planks_tg2ldb2bw_2K","49","0","46","1","0.000000","0","0"
"/Game/Mesh/Item/Item_SaveSign/MI_Old_Wooden_Beam_wggnei1_2K.MI_Old_Wooden_Beam_wggnei1_2K","49","0","46","1","0.000000","0","0"
"/Game/Mesh/Item/Item_SaveSign/MI_Old_Wooden_Beam_wggnfcp_2K.MI_Old_Wooden_Beam_wggnfcp_2K","49","0","46","1","0.000000","0","0"
"/Engine/VREditor/SnapGrid/SnapGridMaterial.SnapGridMaterial","49","0","18","1","0.000000","0","0"
"/Game/Material/M_AdamKnigh_Body.M_AdamKnigh_Body","49","0","71","1","0.000000","0","0"
"/Game/A_Surface_Footstep/Niagara_FX/Materials/M_Splash_Refract.M_Splash_Refract","49","0","40","1","0.000000","0","0"
"/Game/Mesh/Item/Item_SaveSign/M_Target_Balloon.M_Target_Balloon","49","0","13","1","0.000000","0","0"
"/Game/Mesh/Item/Rope/MI_Chain.MI_Chain","49","0","13","1","0.000000","0","0"
"/Game/Mesh/Item/Rope/MI_Rope.MI_Rope","49","0","13","1","0.000000","0","0"
"/Game/Mesh/Player/GrainSack_Inst.GrainSack_Inst","49","0","13","1","0.000000","0","0"
"/Game/Mesh/Trap/Trap1/MI_Brick.MI_Brick","49","0","13","1","0.000000","0","0"
"/Game/Mesh/Trap/Trap1/MI_Pillar.MI_Pillar","49","0","13","1","0.000000","0","0"
"/Game/Mesh/Trap/Trap1/MI_Wood.MI_Wood","49","0","13","1","0.000000","0","0"
"/Engine/EngineMaterials/AntiAliasedTextMaterialTranslucent.AntiAliasedTextMaterialTranslucent","49","0","13","1","0.000000","0","0"
"/Game/A_Surface_Footstep/Niagara_FX/Materials/M_SolidDrop.M_SolidDrop","49","0","20","1","0.000000","0","0"
"/Game/Material/ALTF4_KnightArmor_M.ALTF4_KnightArmor_M","49","0","71","1","0.000000","0","0"
"/Game/Material/git_M.git_M","49","0","48","1","0.000000","0","0"
"/Game/WaterMaterials/Materials/M_Sand.M_Sand","49","0","8","1","0.000000","0","0"
"/Game/WaterMaterials/Materials/M_Riverbank.M_Riverbank","49","0","8","1","0.000000","0","0"
"/Engine/EditorMeshes/ColorCalibrator/M_ColorGrid.M_ColorGrid","49","0","11","1","0.000000","0","0"
"/Engine/EngineSky/M_Sky_Panning_Clouds2.M_Sky_Panning_Clouds2","49","0","7","1","0.000000","0","0"
"/AudioWidgets/AudioMaterialSlate/M_AudioMaterialMeter.M_AudioMaterialMeter","49","0","15","1","0.000000","0","0"
"/AudioWidgets/AudioMaterialSlate/M_AudioMaterialRoundedSlider.M_AudioMaterialRoundedSlider","49","0","29","1","0.000000","0","0"
"/AudioWidgets/AudioMaterialSlate/M_AudioMaterialEnvelope_ADSR.M_AudioMaterialEnvelope_ADSR","49","0","29","1","0.000000","0","0"
"/AudioWidgets/AudioMaterialSlate/M_AudioMaterialKnob.M_AudioMaterialKnob","49","0","15","1","0.000000","0","0"
"/AudioWidgets/AudioMaterialSlate/M_AudioMaterialToggleButton.M_AudioMaterialToggleButton","49","0","15","1","0.000000","0","0"
"/Game/WaterMaterials/Materials/M_PondScum_Cheaper.M_PondScum_Cheaper","49","0","11","1","0.000000","0","0"
"/Game/WaterMaterials/Materials/M_Water_Opaque.M_Water_Opaque","49","0","19","1","0.000000","0","0"
"/Game/WaterMaterials/Materials/M_PondScum.M_PondScum","49","0","15","1","0.000000","0","0"
"/Game/WaterMaterials/Materials/M_Waterfall_Foam.M_Waterfall_Foam","49","0","14","1","0.000000","0","0"
"/Game/Fab/StylizedPainterlyRockPack/Materials/Environment/M_Landscape1.M_Landscape1","49","0","8","1","0.000000","0","0"
"/Game/A_Surface_Footstep/Niagara_FX/Materials/M_whispOne_Master_directional_emissive.M_whispOne_Master_directional_emissive","49","0","64","2","0.000000","0","0"
"/Game/A_Surface_Footstep/Niagara_FX/Materials/M_DirectionalDust.M_DirectionalDust","49","0","32","1","0.000000","0","0"
"/Game/A_Surface_Footstep/Niagara_FX/Materials/M_DustySmallS.M_DustySmallS","49","0","32","1","0.000000","0","0"
"/Game/A_Surface_Footstep/Niagara_FX/Materials/M_SpeckledDust.M_SpeckledDust","49","0","32","1","0.000000","0","0"
"/Game/Fab/StylizedPainterlyRockPack/Materials/Rock/M_GroundRock_Master.M_GroundRock_Master","49","0","8","1","0.000000","0","0"
"/Game/Fab/StylizedPainterlyRockPack/Materials/Rock/M_Rock_Master.M_Rock_Master","49","0","8","1","0.000000","0","0"
"/Engine/OpenWorldTemplate/LandscapeMaterial/M_ProcGrid.M_ProcGrid","49","0","26","2","0.000000","0","0"
"/SpeedTreeImporter/SpeedTree9/SpeedTreeBillboardMaster.SpeedTreeBillboardMaster","49","0","46","1","0.000000","0","0"
"/InterchangeAssets/gltf/M_Unlit.M_Unlit","49","0","212","6","0.000000","0","0"
"/Engine/EditorMaterials/Thumbnails/SkySphereMaterial.SkySphereMaterial","49","0","8","1","0.000000","0","0"
"/InterchangeAssets/gltf/M_Transmission.M_Transmission","49","0","54","2","0.000000","0","0"
"/SpeedTreeImporter/SpeedTree9/SpeedTreeMaster.SpeedTreeMaster","49","0","46","1","0.000000","0","0"
"/InterchangeAssets/gltf/M_SpecularGlossiness.M_SpecularGlossiness","49","0","166","6","0.000000","0","0"
"/InterchangeAssets/gltf/M_Sheen.M_Sheen","49","0","166","6","0.000000","0","0"
"/Game/WaterMaterials/Materials/M_Water_Pixelated.M_Water_Pixelated","49","0","7","1","0.000000","0","0"
"/InterchangeAssets/gltf/M_ClearCoat.M_ClearCoat","49","0","182","6","0.000000","0","0"
"/InterchangeAssets/gltf/M_Default.M_Default","49","0","404","12","0.000000","0","452"
"/Game/WaterMaterials/Materials/M_River_Cheaper.M_River_Cheaper","49","0","15","1","0.000000","0","0"
"/Game/WaterMaterials/Materials/M_Lake.M_Lake","49","0","21","1","0.000000","0","0"
"/Game/WaterMaterials/Materials/M_Lake_Cheaper.M_Lake_Cheaper","49","0","15","1","0.000000","0","0"
"/Game/WaterMaterials/Materials/M_Ocean.M_Ocean","49","0","17","1","0.000000","0","0"
"/Game/WaterMaterials/Materials/M_Ocean_Cheaper.M_Ocean_Cheaper","49","0","15","1","0.000000","0","0"
"/Game/WaterMaterials/Materials/M_Ocean_Distance.M_Ocean_Distance","49","0","15","1","0.000000","0","0"
"/Game/WaterMaterials/Materials/M_Ocean_Radial.M_Ocean_Radial","49","0","17","1","0.000000","0","0"
"/Game/WaterMaterials/Materials/M_Ocean_Radial_Cheaper.M_Ocean_Radial_Cheaper","49","0","15","1","0.000000","0","0"
"/Game/WaterMaterials/Materials/M_River.M_River","49","0","21","1","0.000000","0","0"
